[
{"name": ["\n            PRE-ORDER: On Your Mark Sweatpants- Mens\n          "], "real_price": ["\n          Rs. 3,100.00\n        "], "discount_price": "\n        Rs. 1,600.00\n      "},
{"name": ["\n            Jeans Bundle (4 ITEMS)\n          "], "real_price": ["\n          Rs. 10,700.00\n        "], "discount_price": "\n        Rs. 5,500.00\n      "},
{"name": ["\n            My Baby Blue Sweatpants\n          "], "real_price": [null], "discount_price": "\n        Rs. 1,600.00\n      "},
{"name": ["\n            Bikini Bundle (8 Separates)\n          "], "real_price": ["\n          Rs. 10,100.00\n        "], "discount_price": "\n        Rs. 5,000.00\n      "},
{"name": ["\n            Game Player Jeans\n          "], "real_price": ["\n          Rs. 2,700.00\n        "], "discount_price": "\n        Rs. 1,400.00\n      "},
{"name": ["\n            Kyoto Jeans\n          "], "real_price": ["\n          Rs. 2,700.00\n        "], "discount_price": "\n        Rs. 1,400.00\n      "},
{"name": ["\n            My Baby Blue Hoodie\n          "], "real_price": ["\n          Rs. 5,400.00\n        "], "discount_price": "\n        Rs. 2,700.00\n      "},
{"name": ["\n            Tropicana Motel Sweatpants\n          "], "real_price": ["\n          Rs. 3,100.00\n        "], "discount_price": "\n        Rs. 1,600.00\n      "},
{"name": ["\n            Tropicana Motel Sweatshirt\n          "], "real_price": ["\n          Rs. 5,400.00\n        "], "discount_price": "\n        Rs. 2,700.00\n      "},
{"name": ["\n            PRE-ORDER: In the Woodlands Sweatpants\n          "], "real_price": ["\n          Rs. 3,100.00\n        "], "discount_price": "\n        Rs. 1,600.00\n      "},
{"name": ["\n            In the Woodlands Hoodie\n          "], "real_price": ["\n          Rs. 5,400.00\n        "], "discount_price": "\n        Rs. 2,700.00\n      "},
{"name": ["\n            Jeans Bundle (4 ITEMS)\n          "], "real_price": ["\n          Rs. 10,700.00\n        "], "discount_price": "\n        Rs. 5,400.00\n      "},
{"name": ["\n            PRE-ORDER: Fleece Lined Hoodie\n          "], "real_price": ["\n          Rs. 5,400.00\n        "], "discount_price": "\n        Rs. 2,700.00\n      "},
{"name": ["\n            Sweatpants + Hoodie Bundle - Grey (2 ITEMS)\n          "], "real_price": ["\n          Rs. 8,400.00\n        "], "discount_price": "\n        Rs. 3,900.00\n      "},
{"name": ["\n            I'm Not In The Mood Bundle (4 ITEMS)\n          "], "real_price": ["\n          Rs. 10,100.00\n        "], "discount_price": "\n        Rs. 4,900.00\n      "},
{"name": ["\n            Hoodie & Sweatpants Bundle (2 ITEMS)\n          "], "real_price": ["\n          Rs. 8,400.00\n        "], "discount_price": "\n        Rs. 3,900.00\n      "},
{"name": ["\n            Sweatpants Mega Bundle (9 ITEMS)\n          "], "real_price": ["\n          Rs. 24,100.00\n        "], "discount_price": "\n        Rs. 13,100.00\n      "},
{"name": ["\n            Soft Girl Bundle (4 ITEMS)\n          "], "real_price": ["\n          Rs. 7,400.00\n        "], "discount_price": "\n        Rs. 3,100.00\n      "},
{"name": ["\n            Beachy Bundle (5 Items)\n          "], "real_price": ["\n          Rs. 7,400.00\n        "], "discount_price": "\n        Rs. 3,500.00\n      "},
{"name": ["\n            Indie Bundle (5 ITEMS)\n          "], "real_price": ["\n          Rs. 15,200.00\n        "], "discount_price": "\n        Rs. 7,300.00\n      "},
{"name": ["\n            Astrology Bundle (4 ITEMS)\n          "], "real_price": ["\n          Rs. 11,600.00\n        "], "discount_price": "\n        Rs. 5,400.00\n      "},
{"name": ["\n            Unlock Your Dreams Phone Chain\n          "], "real_price": ["\n          Rs. 300.00\n        "], "discount_price": "\n        Rs. 200.00\n      "},
{"name": ["\n            Running On Time Necklace\n          "], "real_price": [null], "discount_price": "\n        Rs. 300.00\n      "},
{"name": ["\n            90's Bundle (4 ITEMS)\n          "], "real_price": ["\n          Rs. 7,600.00\n        "], "discount_price": "\n        Rs. 3,500.00\n      "},
{"name": ["\n            Centre Of Attention Necklace\n          "], "real_price": [null], "discount_price": "\n        Rs. 300.00\n      "},
{"name": ["\n            Key West Kitten Bundle (5 ITEMS)\n          "], "real_price": ["\n          Rs. 6,400.00\n        "], "discount_price": "\n        Rs. 3,100.00\n      "},
{"name": ["\n            Danish Pastel Bundle (5 ITEMS)\n          "], "real_price": ["\n          Rs. 11,300.00\n        "], "discount_price": "\n        Rs. 5,400.00\n      "},
{"name": ["\n            Sweatpants Bundle (3 ITEMS)\n          "], "real_price": ["\n          Rs. 9,200.00\n        "], "discount_price": "\n        Rs. 4,300.00\n      "},
{"name": ["\n            PRE-ORDER: Sweatpants Bundle (3 ITEMS)\n          "], "real_price": ["\n          Rs. 9,200.00\n        "], "discount_price": "\n        Rs. 4,300.00\n      "},
{"name": ["\n            PRE-ORDER: Sweatpants Bundle (3 ITEMS)\n          "], "real_price": ["\n          Rs. 9,200.00\n        "], "discount_price": "\n        Rs. 4,300.00\n      "},
{"name": ["\n            Sweatpants Bundle (3 ITEMS)\n          "], "real_price": ["\n          Rs. 9,200.00\n        "], "discount_price": "\n        Rs. 4,300.00\n      "},
{"name": ["\n            PRE-ORDER: Angel Aura Halter Top\n          "], "real_price": ["\n          Rs. 2,700.00\n        "], "discount_price": "\n        Rs. 1,400.00\n      "},
{"name": ["\n            PRE-ORDER: Midsummer Night's Dream Dress\n          "], "real_price": ["\n          Rs. 2,700.00\n        "], "discount_price": "\n        Rs. 1,400.00\n      "},
{"name": ["\n            PRE-ORDER: Don't @ Me Hoodie\n          "], "real_price": ["\n          Rs. 5,400.00\n        "], "discount_price": "\n        Rs. 2,700.00\n      "},
{"name": ["\n            PRE-ORDER: There's No Better Time Hoodie\n          "], "real_price": ["\n          Rs. 5,400.00\n        "], "discount_price": "\n        Rs. 2,700.00\n      "},
{"name": ["\n            PRE-ORDER: Collect Moments Hoodie\n          "], "real_price": ["\n          Rs. 5,400.00\n        "], "discount_price": "\n        Rs. 2,700.00\n      "},
{"name": ["\n            PRE-ORDER: Take What You Need Hoodie\n          "], "real_price": ["\n          Rs. 5,400.00\n        "], "discount_price": "\n        Rs. 2,700.00\n      "},
{"name": ["\n            PRE-ORDER:  On Your Mark Sweatpants- Royal Blue\n          "], "real_price": ["\n          Rs. 3,100.00\n        "], "discount_price": "\n        Rs. 1,600.00\n      "},
{"name": ["\n            PRE-ORDER Hoodie Bundle (3 ITEMS)\n          "], "real_price": ["\n          Rs. 16,100.00\n        "], "discount_price": "\n        Rs. 7,700.00\n      "},
{"name": ["\n            PRE-ORDER: Hoodie Bundle (3 ITEMS)\n          "], "real_price": ["\n          Rs. 16,100.00\n        "], "discount_price": "\n        Rs. 7,700.00\n      "},
{"name": ["\n            PRE-ORDER: Dream So Big.. Hoodie\n          "], "real_price": ["\n          Rs. 5,400.00\n        "], "discount_price": "\n        Rs. 2,700.00\n      "},
{"name": ["\n            PRE-ORDER: Self Love Hoodie\n          "], "real_price": ["\n          Rs. 5,400.00\n        "], "discount_price": "\n        Rs. 2,700.00\n      "},
{"name": ["\n            PRE-ORDER: Be The Type Of Person.. Hoodie\n          "], "real_price": ["\n          Rs. 5,400.00\n        "], "discount_price": "\n        Rs. 2,700.00\n      "},
{"name": ["\n            PRE-ORDER: More Or Less Hoodie\n          "], "real_price": ["\n          Rs. 5,400.00\n        "], "discount_price": "\n        Rs. 2,700.00\n      "},
{"name": ["\n            PRE-ORDER: Find Your Fire Hoodie\n          "], "real_price": ["\n          Rs. 5,400.00\n        "], "discount_price": "\n        Rs. 2,700.00\n      "},
{"name": ["\n            PRE-ORDER: Busy Doing Nothing Hoodie\n          "], "real_price": ["\n          Rs. 5,400.00\n        "], "discount_price": "\n        Rs. 2,700.00\n      "},
{"name": ["\n            Film Lightroom Mobile Presets\n          "], "real_price": [null], "discount_price": "\n        Rs. 700.00\n      "},
{"name": ["\n            I'm Not In The Mood Tote Bag- Blue\n          "], "real_price": [null], "discount_price": "\n        Rs. 300.00\n      "}
]